專案名稱,關鍵字 號碼,關鍵字
調查牛乳房炎導致產業之經濟影響及建立台灣乳牛因應氣候變遷之健康管理標準模式,"[183, 576, 656, 884]","牛乳房炎, 氣候變遷, 健康管理, 經濟影響"
因應氣候變遷調適作物病蟲害管理模式之研究,"[140, 576, 601]","日本, 氣候變遷, 病蟲害"
衛星遙測影像應用於氣候變遷對海洋漁業影響之研究,"[283, 502, 1062]","地理資訊系統, 秋刀魚, 衛星遙測"
分析全球暖化與氣候變遷造成國際糧價變動之影響以及未來變化趨勢,"[40, 763, 886]","GTAP, 最大概似法, 聖嬰現象"
良質米研究團隊-面對全球暖化之水稻新育種及栽培技術研究,"[174, 269, 380]","水稻, 全球暖化, 育種"
良質米研究團隊－因應氣候變遷之水稻生產策略:與日本及IRRI之栽培科技及產量預測,"[174, 239, 576, 1158]","水稻, 生產, 氣候變遷, 糧食安全"
研習氣候變遷下紓解乳牛熱緊迫之觀念與應用,"[397, 533, 1044]","乳牛, 降溫畜舍, 熱緊迫"
面對全球暖化水稻育種及栽培技術之研究,"[174, 269, 357]","水稻, 全球暖化, 抗病性"
氣候變遷對於牧草生產之因應,"[439, 576, 981]","牧草生產, 氣候變遷, 碳積存"
氣候變遷對於牧草生產及草原生態環境之影響,"[385, 439, 576]","豆科牧草, 牧草生產, 氣候變遷"
氣候變遷對植物健康及檢疫措施之影響,"[576, 793, 1114]","氣候變遷, 植物健康, 檢疫"
因應全球暖化之水稻耐旱與抗白葉枯病新品種的開發,"[124, 256, 509, 1110]","分子輔助選拔, 白葉枯病, 耐旱, 優質米"
良質米研究團隊-水稻面對氣候變遷淹水逆境品種改良與栽培技術研究,"[174, 488, 706]","水稻, 品質, 淹水"
因應氣候變遷建立玉米採種體系,"[217, 576, 982, 985, 986, 988, 1183]","玉米, 氣候變遷, 種子披衣, 種子造粒, 種子滲調, 種子膜衣, 雜糧玉米"
因應氣候變遷果樹品種改良及栽培技術改進,"[144, 269, 325, 354, 384, 395, 433, 551, 576, 630, 811, 827, 1008, 1024, 1101, 1185]","日燒, 全球暖化, 低溫害, 忍受性, 芒果果園, 防護, 果樹, 套袋, 氣候變遷, 逆境, 番荔枝, 裂果, 網室栽培, 鳳梨, 螢光反應, 離子滲漏"
氣候變遷影響下農地資源合理利用與儲備機制之研究,"[127, 214, 576, 901, 905]","分級分區, 永續土地管理, 氣候變遷, 農地利用, 農地儲備"
建立因應氣候變遷之農業知識系統及策略之研究,"[450, 451, 576]","知識系統, 知識管理, 氣候變遷"
建構台灣農作物氣象諮詢服務體系及災害主動預警系統,"[4, 36, 70, 283, 535, 924]","Agrometeorological Disaster, Geograpgical Information System, Risk Analysis, 地理資訊系統, 風險分析, 農業氣象災害"
應用環控裝置改善茶園微氣候及對茶葉生育之影響,"[752, 848, 1123, 1150]","寒害, 微氣候, 環控技術, 霜害"
臺灣茶區氣象變化與茶葉生產技術調整之研究,"[576, 579, 617]","氣候變遷, 氣象災害, 茶"
農業氣象觀測與資源規劃應用,"[3, 5, 11, 22, 24, 51, 54, 69, 80, 83, 174, 177, 578, 581, 582, 713, 801, 913, 923, 925, 1217]","Agrometeorological, Agrometeorology Observation, Climate, Feohn, Foehn, Meteorological Station, Observation, Rice, Weather Data, Yield, 水稻, 水稻品種, 氣象, 氣象站, 氣象記錄, 產量, 焚風, 農業生產, 農業氣象, 農業氣象觀測, 觀測"
農業氣象觀測及作物生理動態監測系統之研究,"[330, 576, 579, 648, 734, 923]","作物生理, 氣候變遷, 氣象災害, 高溫害, 通量, 農業氣象"
因應氣候變遷之優質雜草管理對不同期作水稻生產之影響,"[174, 583, 764, 1012, 1014, 1182]","水稻, 氣象環境, 期作差異, 臺南11號, 臺?9號, 雜草管理"
氣候變遷對漁業之影響研究—臺灣周邊海域因氣候變遷流系消長對重要經濟性魚種漁業資源變動影響之研究,"[576, 587, 965]","氣候變遷, 海流, 漁業資料庫"
氣候變遷對漁業之影響研究-臺灣周邊海域基礎生產力監測及湧昇流漁業資源調查,"[166, 576, 679, 800, 937]","水溫, 氣候變遷, 基礎生產力, 湧昇流, 過漁指數"
氣候變遷情境下曾文水庫集水區降雨型態變遷研究,"[531, 576, 762]","降雨型態, 氣候變遷, 曾文水庫"
氣候變遷下潛勢蒸發散對農業水資源之衝擊研究,"[195, 576, 1038]","可再生水資源, 氣候變遷, 潛勢蒸發散量"
氣候變遷對灌溉缺水風險之影響評估,"[534, 576, 1203]","風險, 氣候變遷, 灌溉"
因應氣候變遷補充灌溉水井與水田空間關係研究,"[157, 280, 576]","水田, 地下水, 氣候變遷"
氣候變遷下台灣北部地區臭氧之變化潛勢,"[576, 613, 1191]","氣候變遷, 臭氧, 類神經網路"
氣候變遷下考量農業用水調配之乾旱供水風險分析,"[379, 576, 663]","系統動力學, 氣候變遷, 區域水資源"
因應氣候變遷結合有效雨量埤塘河水堰之水田灌溉管理,"[576, 677, 1072, 1192]","氣候變遷, 埤池, 輪灌, 攔河堰"
氣候變遷下智慧型農業配水因應策略,"[162, 258, 361, 759, 760]","水庫操作, 休耕, 決策支援系統, 智慧型??, 智慧型理論"
因應氣候變遷之水田最適灌溉用水調配之研究,"[157, 576, 874]","水田, 氣候變遷, 節水灌溉"
氣候變遷下水田灌溉水量與田間耗水量之關係,"[157, 252, 576]","水田, 田間耗水量, 氣候變遷"
氣候變遷對農業回歸水及土壤入滲量之影響,"[93, 276, 576]","土壤入滲量, 回歸水, 氣候變遷"
適應氣候變遷之小農永續經營-系統回饋式配水管理,"[114, 378, 633]","小農, 系統回饋式模組, 配水"
氣候變遷對作物灌溉需水量及產量影響之研究,"[334, 340, 576, 1211]","作物生產模式, 作物產量, 氣候變遷, 灌溉需水量"
氣候變遷對灌溉系統供水承載力影響評估方法之建立,"[402, 576, 1208]","供水承載力, 氣候變遷, 灌溉系統"
氣候變遷對水田灌溉三生功能整體效益影響推估模式之建立,"[157, 576, 917]","水田, 氣候變遷, 農業多功能"
生物資源災損評估及預警之研究(1/3),"[229, 269, 408]","生物多樣性, 全球暖化, 受害評估"
氣候變遷下廣泛分布樹種之區內外保存(1/4),"[576, 593, 693, 984, 1034, 1085, 1200]","氣候變遷, 烏心石, 採穗嫁接, 種子採集和發芽, 樟樹, 樹木栽植, 櫸樹"
氣候變遷對蕨類物候之影響 (1/5),"[441, 576, 1100]","物候, 氣候變遷, 蕨類"
森林生態系對氣候變遷之反應–於森林動態樣區建立監測系統(2/3),"[192, 576, 766, 1176]","功能特徵, 氣候變遷, 森林生態系, 轉換速率"
探討環境變遷、全球暖化對台灣生物多樣性影響之研究–氣候變遷對重要生態系指標性生物之影響,"[156, 242, 269, 404, 744, 865, 1058, 1060, 1136]","水生植物, 生態系, 全球暖化, 兩棲類, 魚類, 溼地, 蝦蟹類, 蝶類, 環境變遷"
入侵物種可能擴散之分布模式建立與預測（2/3）,"[38, 43, 204, 248, 265, 576, 943]","GISIN, IAS, 外來入侵物種, 生態棲位, 全球入侵物種資訊網, 氣候變遷, 預測模型"
氣候變遷下的外來種植食性昆蟲之入侵風險評估(2/3),"[205, 538, 552, 576, 794]","外來入侵種, 風險評估, 害蟲, 氣候變遷, 植食性"
氣候變遷對番荔枝有害生物之影響及防治策略因應,"[430, 604, 811, 894]","果實品質, 粉介殼蟲, 番荔枝, 葉?"
水稻有害生物相及氣候變遷相關資料調查及建構,"[175, 576, 1049]","水稻有害生物相, 氣候變遷, 稻熱病"
氣候變遷對作物有害生物之影響及防治策略因應,"[576, 599, 750]","氣候變遷, 病毒病, 媒介昆蟲"
氣候變遷對北部地區水稻病蟲害生態影響調查,"[174, 240, 576, 600, 601, 1173]","水稻, 生態, 氣候變遷, 病害, 病蟲害, 蟲害"
氣候變遷對茶樹有害生物之影響及防治策略之研究,"[389, 576, 620]","防治策略, 氣候變遷, 茶樹有害生物"
新興整合-精緻農業-氣候變遷對作物有害生物之影響及防治策略因應,"[572, 907, 998]","氣候暖化, 農作物有害生物, 管理策略"
因應氣候變遷開發抗逆境防治病蟲害之有益微生物,"[459, 630, 847]","芽孢桿菌, 逆境, 微生物製劑"
氣候變遷對人畜共通傳染病的影響與防疫策略資訊之搜集與研析,"[58, 87, 576, 859, 870]","Q熱, 人畜共通傳染病, 氣候變遷, 極端氣候, 禽流感"
氣候變遷對水產動物人畜共通傳染病之影響,"[87, 163, 576, 597]","人畜共通傳染病, 水產動物, 氣候變遷, 疾病"
氣候變遷下輸入與走私禽鳥及其產品之家禽流行性感冒及西尼羅熱監測,"[320, 557, 576, 831, 1102]","西尼羅熱, 家禽流行性感冒, 氣候變遷, 進口禽肉, 輸入禽鳥"
氣候變遷對毛豬災後人畜共通疾病影響及對社會經濟損失之研究,"[86, 576, 882]","人畜共通疾病, 氣候變遷, 經濟損失"
因應氣候變遷建立獸醫教育資源共享,"[209, 681, 1196]","外科, 專科訓練, 繼續教育"
因應氣候變遷強化草食動物醫療訓?計畫,"[623, 628, 1187]","草食動物, 訓練計畫, 獸醫師"
氣候變遷對太平洋及大西洋主要鮪類資源及漁場變動之影響－南太平洋長鰭鮪之研究暨大西洋主要鮪類之彙整分析,"[133, 464, 576, 1154]","太平洋, 長鰭鮪, 氣候變遷, 鮪漁場學"
氣候變遷對印度洋鮪旗類漁海況暨資源影響研究-印度洋主要鮪類資源及漁場分佈與中長期海洋環境變動關係之影響,"[273, 464, 842, 1154]","印度洋, 長鰭鮪, 黃鰭鮪, 鮪漁場學"
澎湖海域海草(床)生態調查及與漁業資源保育相關性研究,"[271, 576, 586, 588]","共棲生物相, 氣候變遷, 海洋酸化, 海草"
飼料稻米專案試辦計畫,"[564, 576, 956]","栽培技術, 氣候變遷, 飼料稻米"
因應全球氣候變遷對糧食安全威脅之國際農業科技合作計畫,"[234, 576, 862]","生物能源, 氣候變遷, 溫室氣體"
因應氣候變遷對水稻病蟲害預警制度及安全管理技術之建立,"[178, 289, 576, 947]","水稻病蟲害, 安全管理技術, 氣候變遷, 預警制度"
因應氣候變遷重要人畜共通傳染病—狂犬病、禽流感及傳播性海綿狀腦病等病原環境監控與疾病控制模式之研習,"[86, 576, 739, 745]","人畜共通疾病, 氣候變遷, 野生動物保育醫學, 鹿慢性消耗病"
發展茶業決策支援管理系統,"[153, 275, 361, 579, 617, 619, 756, 1181]","水分管理, 合理化施肥, 決策支援系統, 氣象災害, 茶, 茶葉選購, 復耕, 雜草防治"
建構因應氣候變遷之台灣糧食生產評估系統,"[342, 530, 576, 1158]","作物模式, 降尺度, 氣候變遷, 糧食安全"
臺灣周邊海域因氣候變遷流系消長對重要經濟性魚種漁業資源變動影響之研究,"[576, 587, 965]","氣候變遷, 海流, 漁業資料庫"
臺灣周邊海域基礎生產力監測及湧昇流漁業資源調查,"[166, 576, 679, 800, 937, 966, 1119]","水溫, 氣候變遷, 基礎生產力, 湧昇流, 過漁指數, 漁獲平衡指數, 營養位階"
評估氣候變遷對農業用水影響?以曾文水庫為例,"[401, 576, 762]","供水, 氣候變遷, 曾文水庫"
氣候變遷對作物需水量與灌溉用水量之衝擊評估,"[341, 576, 1211]","作物需水量, 氣候變遷, 灌溉需水量"
氣候變遷對嘉南灌區灌溉水源枯水期旬流量之影響評估,"[352, 576, 1205]","序率模擬, 氣候變遷, 灌溉水源"
因應氣候變遷地下水補充灌溉用水管理策略研究,"[157, 280, 576]","水田, 地下水, 氣候變遷"
台灣南部地區臭氧於氣候變遷下之變化潛勢,"[576, 613, 1191]","氣候變遷, 臭氧, 類神經網路"
因應氣候變遷智慧型農業水資源調配策略,"[172, 761, 916]","水資源調配, 智慧理論, 農業用水"
因應氣候變遷水田最適灌溉用水調配之研究,"[157, 874, 1207]","水田, 節水灌溉, 灌溉用水量"
因應氣候變遷稻作田間灌溉管理之研究,"[174, 254, 576]","水稻, 田間灌溉管理, 氣候變遷"
氣候變遷之水旱田不同灌溉方式作物需水量與節水策略研究,"[341, 576, 873]","作物需水量, 氣候變遷, 節水"
韌性理論應用於氣候變遷對灌溉系統之影響評估,"[576, 838, 1208]","氣候變遷, 韌性理論, 灌溉系統"
因應氣候變遷之平坦灌區蓄水防災能力分析,"[731, 939, 996]","術值高程模式, 零慣性波, 窪陷填平"
因應氣候變遷農業灌溉用水調度水價分析,"[576, 916, 1066]","氣候變遷, 農業用水, 調度水價"
建立飼料玉米種子籌供體系,"[217, 576, 983, 989, 1178, 1193]","玉米, 氣候變遷, 種子倉儲, 種子調製, 雜交玉米, 籌供體系"
水稻有害生物相及氣候變遷相關資料調查,"[175, 576, 1049]","水稻有害生物相, 氣候變遷, 稻熱病"
臺南區洋香瓜病毒病整合性防治技術研究,"[576, 599, 750]","氣候變遷, 病毒病, 媒介昆蟲"
氣候變遷對病媒蚊的影響及因應對策之研究,"[184, 559, 576, 844, 970, 1080]","牛流行熱, 庫蠓, 氣候變遷, 嗜牛庫蠓, 監測, 養牛場"
因應氣候變遷之重大人畜共通傳染病防檢疫策略與技術推廣,"[355, 391, 527, 576, 819, 1114]","技術推廣, 防疫, 重大人畜共通傳染病, 氣候變遷, 策略, 檢疫"
因應氣候變遷強化草食及水生動物人畜共通傳染病診治訓?計畫,"[155, 329, 623, 628]","水生動物, 住院醫師, 草食動物, 訓練計畫"
氣候變遷對太平洋長鰭鮪資源及漁場影響之研究,"[133, 464, 576, 1154]","太平洋, 長鰭鮪, 氣候變遷, 鮪漁場學"
氣候變遷對大西洋長鰭鮪漁況影響之研究暨印度洋研究報告之彙整分析,"[273, 464, 842, 1154]","印度洋, 長鰭鮪, 黃鰭鮪, 鮪漁場學"
澎湖海域海草（床）生態調查及與漁業資源保育相關性研究(II),"[271, 576, 588]","共棲生物相, 氣候變遷, 海草"
氣候變遷對坡地防災規劃之影響評估計畫,"[88, 374, 576, 682]","土石流, 災害潛勢, 氣候變遷, 崩塌"
因應氣候變遷重點集水區保育策略之研究(1/2),"[478, 529, 576]","保育策略, 重點集水區, 氣候變遷"
氣候變遷下廣泛分布樹種之區內外保存(2/4),"[576, 593, 678, 984, 1034, 1138, 1200]","氣候變遷, 烏心石, 培育苗木, 種子採集和發芽, 樟樹, 穗條嫁接, 櫸樹"
森林生態系對氣候變遷之反應–於森林動態樣區建立監測系統(3/3),"[441, 576, 772, 1084]","物候, 氣候變遷, 森林動態, 樹木生長環"
節能減碳研究團隊─因應氣候變化之永續森林經營策略分析(1/4),"[215, 576, 780]","永續森林經營, 氣候變遷, 森林認證"
氣候變遷對於蕨類物候之影響(2/5),"[441, 576, 1100]","物候, 氣候變遷, 蕨類"
探討環境變遷對台灣濕地生態系影響之研究,"[165, 202, 229, 414, 434, 507, 576, 795, 975, 976, 1002, 1036, 1091, 1115, 1197]","水鳥, 台灣招潮蟹, 生物多樣性, 底棲微藻, 河川棲地模式, 紅樹林, 氣候變遷, 植群, 碳吸存, 碳吸收, 綜合適合度指數, 模式評估, 澤蟹屬, 濕地, 藻礁"
環境變遷對台灣高山生態系影響之研究(1/2),"[106, 203, 438, 695, 970, 1061]","大蚊科, 台灣高山杜鵑, 爬蟲類, 族群動態, 監測, 蝶類群聚"
生物資源災損評估及預警之研究（2/3）,"[131, 229, 269, 408]","天然災害, 生物多樣性, 全球暖化, 受害評估"
建立氣候變遷對生物多樣性風險與脆弱度評估模式及因應策略規劃,"[229, 576, 821]","生物多樣性, 氣候變遷, 策略規劃"
入侵物種可能擴散之分布模式建立與預測（3/3）,"[38, 43, 204, 248, 265, 576, 943]","GISIN, IAS, 外來入侵物種, 生態棲位, 全球入侵物種資訊網, 氣候變遷, 預測模型"
氣候變遷下的林木外來種植食性昆蟲入侵風險評估（3/3）,"[207, 538, 552, 576, 794]","外來種植食性昆蟲, 風險評估, 害蟲, 氣候變遷, 植食性"
建構糧食安全體系策略地圖之研究,"[820, 1158, 1163]","策略地圖, 糧食安全, 糧食安全體系"
建立糧食安全應變處置與預警系統之研究,"[294, 969, 1158]","早期預警系統, 監控與預測, 糧食安全"
提升國產消費潛能開發國產農產品新需求與市場之研究,"[592, 667, 852, 957, 1164]","消費潛能開發, 國產農產品, 新需求與市場, 對策, 糧食自給率"
氣候變遷下農地脆弱度評估與調適策略之研究,"[576, 612, 900, 1068]","氣候變遷, 脆弱度評估, 農地, 調適策略"
農民對氣候變遷的風險知覺及災後調適策略之研究－以高屏地區蓮霧果農為例,"[364, 536, 576]","災後調適, 風險知覺, 氣候變遷"
國際間相關糧食儲備機制設計與運作之研究,"[1158, 1167, 1170]","糧食安全, 糧食援助, 糧食儲備機制"
建構因應糧食安全暨貿易自由化統計指標與資料蒐集制度之研究,"[449, 829, 920, 1161]","直接給付, 貿易自由化指標, 農業保險, 糧食安全指標"
主要糧食供需資訊蒐集制度之研究,"[287, 665, 936]","存貨調查, 國內供給分配, 運銷通路"
飼料玉米耐熱種原之篩選與繁殖,"[219, 519, 1141]","玉米種質, 耐熱篩選, 繁殖"
推動台灣農產品碳標籤可行性之研究,"[210, 227, 523, 541, 542, 590, 888, 977, 980, 1055]","市場接受度, 生命週期評估, 胡蘿蔔, 食物里程, 食物哩程, 消費者認知, 落花生, 碳足跡, 碳標籤, 蔬菜"
因應氣候變遷之水稻耐熱性、褐飛蝨抗性評估及種原繁殖,"[560, 649, 1048, 1065]","核心種原, 高溫逆境, 稻種原, 褐飛蝨"
農民對氣候變遷的風險知覺與決策行為之研究,"[362, 540, 576, 910]","決策行為, 風險認知, 氣候變遷, 農場經營"
氣候變遷災後農村公共衛生及健康管理調適策略之研究,"[122, 451, 576, 656]","公共衛生, 知識管理, 氣候變遷, 健康管理"
小麥耐熱種原評估,"[111, 380, 649]","小麥, 育種, 高溫逆境"
中部地區作物栽培環境親和輪作體制之建立,"[562, 1070, 1131]","栽培, 輪作, 環境親和"
草生栽培對粘板岩沖積土壤碳匯和果樹調適極端氣候之影響,"[99, 622, 859]","土壤碳匯, 草生栽培, 極端氣候"
氣候變遷下臺灣高海拔地區野生動物指標類群族群變化監測模式之建立,"[108, 438, 462, 492, 637, 660, 856, 971, 1060, 1142]","小型哺乳類, 爬蟲類, 長期監測, 指標物種, 高山地區, 動物相, 楚南氏山椒魚, 監測模式, 蝶類, 繁殖鳥類"
臺東地區原住民重要糧食作物耐旱種原篩選及栽培利用,"[107, 740, 1017, 1086]","小米, 陸稻, 臺灣藜, 樹豆"
耐逆境水稻及蔬菜種原篩選與評估,"[156, 174, 483, 630, 809, 1195]","水生植物, 水稻, 南瓜, 逆境, 番杏, 糯米團"
水稻耐熱品種研發及因應高溫逆境栽培技術之研究,"[174, 486, 517]","水稻, 品種, 耐熱"
花蓮宜蘭地區環境親和型水旱田輪作模式之建立,"[104, 174, 217, 465, 1070]","大豆, 水稻, 玉米, 青蔥, 輪作"
耐低溫大豆品種選育及低投施栽培技術改進,"[104, 380, 564]","大豆, 育種, 栽培技術"
耐旱節水水稻新品系之研發,"[174, 380, 873]","水稻, 育種, 節水"
雲嘉南地區環境親和型旱田輪作經營模式,"[251, 505, 522, 709, 843, 1004, 1148]","田菁, 紅高粱, 胡麻, 甜玉米, 黑豆, 綠豆, 薏苡"
氣候變遷對授粉昆蟲行為模式生態影響及生產因應對策,"[318, 576, 690]","行為生態, 氣候變遷, 授粉昆蟲"
北部地區耐旱山藥及耐寒玉米之種原篩選與繁殖,"[331, 576, 992]","作物生產, 氣候變遷, 種原"
北部地區環境親合型水稻與旱田作物輪作經營模式之建立,"[288, 321, 877, 1070, 1130]","安全農業, 低汙染, 節能, 輪作, 環境親合型耕作制度"
茶及油茶耐低溫、高溫及乾旱新品系選育及產品之開發,"[436, 617, 630, 1103]","油茶, 茶, 逆境, 選育"
暖冬與低溫對茶業產製銷及共同物流需求之研究,"[324, 403, 440, 617, 855]","低溫, 供應, 物流, 茶, 暖冬"
耐熱性紅豆種原篩選及春作品種選育,"[486, 504, 992, 1096, 1103]","品種, 紅豆, 種原, 篩選, 選育"
發展新式米油萃取及去油米糠之蛋白回收利用技術,"[85, 299, 308, 435, 725, 1188]","二氧化碳超臨界萃取, 有機溶劑奈米過濾, 米脂, 油脂精練, 脫酸, 穩定化"
毛豆外銷專區及恆春地區洋蔥環境親和型輪作系統經營模式建立,"[149, 498, 1005, 1070, 1132]","毛豆, 洋蔥, 綠肥, 輪作, 環境親和型"
耐逆境牛樟、泡桐與雜交桉種原篩選與利用(1/4),"[186, 513, 1179, 1180]","牛樟, 耐逆境, 雜交泡桐, 雜交桉"
耐熱性小麥及大豆種原篩選與繁殖,"[104, 111, 994]","大豆, 小麥, 種原評估"
建立因應氣候變遷之水旱輪作制度調適之研究,"[95, 100, 168, 280, 576, 607, 915, 1070]","土壤肥力, 土壤管理, 水資源, 地下水, 氣候變遷, 耕作制度, 農業生態系, 輪作"
氣候變遷之農業生產調適決策支援系統之建置,"[361, 576, 913, 914, 1158, 1164]","決策支援系統, 氣候變遷, 農業生產, 農業生產調適, 糧食安全, 糧食自給率"
豪雨時期短期葉菜生產及快速復耕技術,"[562, 892, 1146]","栽培, 葉菜類, 蕹菜"
應用綠肥營造環境親和型水旱田輪作經營模式,"[576, 1005, 1135]","氣候變遷, 綠肥, 環境親和型耕作模式"
冬作耐濕馬鈴薯品種選育,"[520, 634, 1120]","耐濕性, 馬鈴薯, 營養系"
氣候變遷對授粉昆蟲行為模式與生態影響及生產因應對策-設施內茄科蔬菜利用蜜蜂授粉生產之研究,"[430, 431, 576, 1019]","果實品質, 果實產量, 氣候變遷, 蜜蜂授粉"
2012米食加工趨勢國際研討會（系列一）暨「因應氣候變遷及糧食安全之農業創新研究計畫成果發表會」計畫,"[306, 674, 1149]","米食加工, 國際研討會, 趨勢"
國產米製備中式鹼麵類產品量產與推廣,"[303, 1108, 1198, 1216]","米, 餛飩, 麵條, 鹼麵"
米麵條擠壓蒸煮加工技術之研究,"[311, 1113, 1198]","米穀粉, 擠壓加工, 麵條"
國產富機能性米穀粉應用於新穎中式麵條之研發,"[295, 311, 853]","有色米, 米穀粉, 新穎中式米麵條"
辦理2012米食加工趨勢國際研討會（系列二）,"[306, 674, 1158]","米食加工, 國際研討會, 糧食安全"
強老化抗性米穀烏龍麵開發,"[311, 356, 595, 1069, 1194]","米穀粉, 抗老化, 烏龍麵, 質地輪廓分析, 糯米"
米種與添加量對米麵包及米蛋糕升糖指數之影響,"[129, 167, 303, 309, 313]","升糖指數, 水解指數, 米, 米蛋糕, 米麵包"
因應氣候變遷之多元化禽畜飼料資源與營養配方開發研究- 3.海藻飼料化應用研究,"[528, 555, 589, 948]","重金屬, 家畜禽, 海藻, 飼料"
廢菇包轉化為肉牛飼料之研究,"[728, 954, 1031]","荷蘭閹公牛, 飼料價值, 廢菇包"
樹薯替代玉米為家禽能量飼料之研究,"[285, 314, 556, 610, 954, 1087]","多元利用, 肉雞, 家禽, 能量飼作, 飼料價值, 樹薯"
以發酵程序提升雞血於飼糧之應用價值,"[817, 1026, 1184]","發酵, 價值, 雞血"
高產飼料玉米品種選育,"[199, 380, 949]","台灣, 育種, 飼料玉米"
高產??稻米品種選育及生產模式之建?-臺南區農業改良場,"[174, 644, 955]","水稻, 高產, 飼料稻"
北部地區飼料甘藷品種選育,"[486, 950, 1103]","品種, 飼料甘藷, 選育"
北部地區飼料玉米及甘藷低投入省工栽培輪作系統建立,"[224, 949, 1071]","甘藷, 飼料玉米, 輪作系統"
因應氣候變遷之多元化禽畜飼料資源與營養配方開發研究,"[191, 228, 236, 255, 279, 285, 314, 398, 457, 487, 555, 556, 610, 657, 727, 728, 730, 817, 818, 824, 951, 952, 954, 955, 1026, 1031, 1045, 1087, 1088, 1184]","代謝能, 生物可利用性, 生長性能, 白肉雞, 在地飼料資源, 多元利用, 肉雞, 乳酸菌, 芝麻粕, 品種鑑定, 家畜禽, 家禽, 能量飼作, 副產物, 荷蘭閹公, 荷蘭閹公牛, 蛋雞飼料, 發酵, 發酵雞血粉, 菇包殘基, 飼料用甘藷, 飼料安全, 飼料價值, 飼料稻, 價值, 廢菇包, 盤固草, 樹薯, 樹薯粉, 雞血"
高產飼料稻米品種選育及生產模式之建立-高雄區農業改良場,"[644, 645, 889, 953]","高產, 高蛋白, 落粒性, 飼料米"
高產??稻米品種選育及生產模式之建?-農業試驗所,"[174, 955, 956, 1010, 1164]","水稻, 飼料稻, 飼料稻米, 聚合育種, 糧食自給率"
提升飼料米產量與糙米粗蛋白質含量之關鍵性管理技術研究,"[101, 197, 955]","土壤管理組, 可消化養分總量, 飼料稻"
台灣地區推廣種植飼料稻米之經濟效益研究,"[881, 928, 956]","經濟效益, 農業部門, 飼料稻米"
台灣中部颱風災害前後果樹營養管理調整研究,"[131, 753, 1023]","天然災害, 復育, 颱風"
臺灣西南海域海洋水文環境與漁業資源漁場變動監測研究,"[154, 412, 963]","水文環境, 底拖網, 漁場"
流失番荔枝果園之復耕技術研究及鳳梨釋迦果園防風栽培模式之建立,"[392, 811, 1025]","防風栽培技術, 番荔枝, 鳳梨釋迦"
颱風前後青蔥採後處理及快速加工利用之研究,"[152, 193, 465, 692]","水分含量, 加工, 青蔥, 採收後處理"
臺灣南部木瓜、文旦柚颱風、豪雨前後栽培管理及復育技術之建立,"[139, 145, 399, 576, 754, 825]","文旦柚, 木瓜, 亞磷酸, 氣候變遷, 復育技術, 菌根菌"
降雨變化對茶葉生育之影響與對策之研究,"[532, 576, 617]","降雨變化, 氣候變遷, 茶"
因應氣候變遷森林生長環境脆弱指標及調適策略研究（1/4）,"[92, 247, 249, 614, 773, 836]","土砂災害, 生態脆弱度, 生態模型, 航遙測, 森林動態樣區, 集水區"
國產糧食之緊急採收貯藏與長期天然貯藏系統之研發,"[488, 584, 1052, 1055]","品質, 氣調貯藏, 窯洞貯藏, 蔬菜"
豪雨災後高致病性之作物病害種類調查及管理,"[600, 706, 997, 1055]","病害, 淹水, 管理, 蔬菜"
養殖生產區防洪研究,"[283, 1053, 1082]","地理資訊系統, 線上查詢系統, 養殖漁業生產區"
溫室環境精準調控應用於茄科蔬菜生產,"[185, 526, 860, 1040, 1127]","牛番茄, 茄科蔬菜, 溫室, 熟果甜椒, 環境控制"
建立區域性畜禽糞生質能發電模式之研究計畫,"[250, 437, 558, 596, 816, 871, 1095, 1140]","生質能, 沼氣, 家禽場, 畜禽糞, 發電, 禽糞, 燃燒, 糞便"
設施蔬菜節能及自動化灌溉生產體系之開發與應用,"[733, 789, 810, 960]","設施栽培, 植物工廠, 番茄, 滴灌"
利用農業廢棄物開發多功能育苗容器之研究,"[525, 618, 1030]","苗盆, 茶葉, 廢棄物"
農產廢棄物稻殼稻桿回歸農田再利用之研究,"[931, 972, 1097]","農業廢棄物, 碳化稻殼, 膨化稻稈"
組織培養節能設備及技術之開發,"[134, 260, 261, 262, 722, 812, 845, 876]","太陽能, 光週期, 光量度, 光質, 組織培養, 發光二極體, 塑膠培養瓶, 節約能源"
因應氣候變遷之國際農業科技交流合作-抗、耐逆境水稻品種之開發,"[208, 267, 514, 632, 670, 995, 1050]","外表型評估, 全球氣候變遷, 耐逆境基因, 逆境調適能力之水稻, 國際合作, 種原評估/交換, 稻熱病/白葉枯病"
氣候變遷逆境對植物生理與病理所產生之影響,"[120, 576, 790, 792, 863, 979]","元素分析, 氣候變遷, 植物生理, 植物病理, 溫度, 碳測定"
強化稻作育種技術以因應暖化衝擊及提升糧食自給率 (IRRI)_1. 抗稻熱病品種選育,"[176, 576, 631, 1049]","水稻自給率, 氣候變遷, 逆境耐/抗性, 稻熱病"
水產尖端技術研習與學術交流－赴美國進行氣候變遷對海洋漁業影響之研究及技術交流,"[283, 576, 1063, 1214]","地理資訊系統, 氣候變遷, 衛星遙測影像, 鰹鮪圍網漁業"
氣候變遷下媒介昆蟲預測系統在防治上之應用,"[235, 576, 1147]","生物積溫模式, 氣候變遷, 薊馬"
其他農產貿易問題相關研究,"[82, 188, 543, 544, 571, 576, 830, 879, 909, 929, 932, 1143, 1158]","WTO, 世界貿易組織, 食品安全現代化法案, 食品安全檢驗與動植物防檢疫措施協定, 氣候智慧農業, 氣候變遷, 貿易政策檢討, 經濟合作與發展組織, 農產品供應鏈, 農業貿易, 農業談判, 聯合國世界糧農組織, 糧食安全"
台灣糧食生產氣候風險評估資訊平台之建置,"[342, 530, 576, 1158]","作物模式, 降尺度, 氣候變遷, 糧食安全"
農業氣象觀測及災害風險評估,"[576, 579, 648, 923]","氣候變遷, 氣象災害, 高溫害, 農業氣象"
評估氣候變遷對農業乾旱風險之衝擊,"[534, 576, 651]","風險, 氣候變遷, 乾旱"
氣候變遷對農業灌溉水源供給風險之評估,"[538, 576, 1206]","風險評估, 氣候變遷, 灌溉用水"
因應糧食安全之作物需水量風險分析,"[341, 538, 576]","作物需水量, 風險評估, 氣候變遷"
水庫灌區因應全球氣候變遷地下水補充灌溉用水調配分析,"[160, 280, 317]","水庫, 地下水, 自適應性神經模糊推理系統"
氣候變遷下高屏溪流域水源風險評估,"[130, 136, 266, 538, 576, 641]","天氣繁衍器, 支援向量機, 全球氣候模式, 風險評估, 氣候變遷, 高屏溪流域"
考量農業用水之水資源經理方案決策分析,"[171, 173, 360, 379, 576, 663]","水資源經理方案決策分析, 水資源調配模式, 求償性序率規劃決策模式, 系統動力學, 氣候變遷, 區域水資源"
以DSSAT模式探討氣候變遷對水稻產量及灌溉需水量之影響,"[20, 174, 576, 1211]","DSSAT作物模式, 水稻, 氣候變遷, 灌溉需水量"
韌性理論應用於氣候變遷對灌溉系統及產量之影響評估,"[576, 713, 838, 1208]","氣候變遷, 產量, 韌性理論, 灌溉系統"
良質米研究團隊─台灣小麥品質地圖的建立與稻麥栽培系統之環境影響評估,"[112, 227, 576, 1047, 1129]","小麥品質, 生命週期評估, 氣候變遷, 稻麥系統, 環境衝擊"
梨生產調節與改進之研究,"[328, 349, 432, 576, 680, 701, 834, 973]","低需冷性梨, 冷藏需求, 果實儲藏, 氣候變遷, 寄接梨, 梨穗品種, 鈣, 碳水化合物"
因應氣候變遷野生動物之人畜共通病原監測及特性分析,"[490, 658, 1011]","恆溫增幅法, 副黏液病毒, 聚合?鏈反應"
氣候變遷對水生動物人畜共通傳染病之影響與因應對策之研究,"[163, 293, 576, 597, 720]","水產動物, 早期預警, 氣候變遷, 疾病, 細菌"
氣候變遷對人畜共通傳染病之影響與防疫策略資訊之收集與研析,"[58, 283, 576, 870, 938]","Q熱, 地理資訊系統, 氣候變遷, 禽流感, 鉤端螺旋體病"
因應氣候變遷強化草食及水生動物人畜共通傳染病診治訓練計畫,"[155, 329, 623, 628]","水生動物, 住院醫師, 草食動物, 訓練計畫"
氣候變遷對太平洋及大西洋鮪旗魚類漁海況之影響分析,"[103, 133, 959, 1153, 1154]","大西洋, 太平洋, 旗魚, 鮪魚, 鮪漁場學"
氣候變遷對印度洋鮪旗魚類漁海況之影響分析,"[273, 464, 842, 1154]","印度洋, 長鰭鮪, 黃鰭鮪, 鮪漁場學"
氣候變遷下坡地災害潛勢評估及調適策略制定之研究,"[88, 409, 576, 682]","土石流, 坡地防災, 氣候變遷, 崩塌"
因應氣候變遷重點集水區保育策略之研究(2/2),"[478, 529, 576]","保育策略, 重點集水區, 氣候變遷"
氣候變遷下廣泛分布樹種之選育與利用(3/4),"[576, 593, 678, 990, 1034, 1138, 1200]","氣候變遷, 烏心石, 培育苗木, 種子儲藏和發芽, 樟樹, 穗條嫁接, 櫸樹"
出席聯合國氣候變化綱要公約第19屆締約國會議暨京都議定書締約國第9屆締約國大會,"[575, 779, 999]","氣候變化綱要公約第19次締約國會議暨京都議定書生效後第9屆簽約國會, 森林碳, 管理資訊系統"
氣候變遷下福山試驗林動物群聚之變動,"[576, 659, 661]","氣候變遷, 動物多樣性, 動物群聚"
氣候變遷對於蕨類物候之影響(3/5),"[441, 576, 1100]","物候, 氣候變遷, 蕨類"
因應氣候變化之永續森林經營策略分析(2/4),"[110, 215, 576, 780, 978]","小規模林業, 永續森林經營, 氣候變遷, 森林認證, 碳林業"
環境變遷對台灣高山生態系影響之研究(2/2),"[106, 438, 970, 1061]","大蚊科, 爬蟲類, 監測, 蝶類群聚"
因應氣候變遷之生物多樣性脆弱度評估與風險管理研究,"[229, 242, 444, 447, 576, 768, 772, 784, 885, 1068, 1105]","生物多樣性, 生態系, 物候變動, 物種分佈, 氣候變遷, 森林交會帶變動, 森林動態, 棲地片段化, 群落, 調適策略, 遺傳多樣性"
建構糧食安全應變機制提升糧食安全決策之研究,"[278, 294, 1158, 1161]","因應策略, 早期預警系統, 糧食安全, 糧食安全指標"
研析我國家計單位糧食安全水準及提升策略之研究,"[554, 1158, 1160]","家計單位糧食安全, 糧食安全, 糧食安全水準"
改善國人膳食結構提升國產消費對策之研究,"[351, 591, 1099, 1166]","均衡飲食, 消費對策, 膳食結構, 糧食消費成績"
推動六級產業發展促進國產消費之研究,"[123, 667, 1164]","六級產業, 國產農產品, 糧食自給率"
氣候變遷下農地調適之執行機制與管理措施研究,"[281, 576, 900]","地方調適, 氣候變遷, 農地"
農民對氣候變遷的風險知覺及災後調適策略之研究－以高屏地區蓮霧果農為例(2/2),"[364, 536, 576]","災後調適, 風險知覺, 氣候變遷"
國際糧食援助與儲備機制研究,"[1158, 1167, 1169]","糧食安全, 糧食援助, 糧食儲備"
主要糧食運銷與庫存之研究,"[287, 665, 851, 936]","存貨調查, 國內供給分配, 損耗, 運銷通路"
主要糧食消費資訊蒐集之研究,"[190, 724, 1157]","主要糧食消費, 統計制度, 糧食平衡表"
農民對氣候變遷的風險知覺、決策行為及災後調適策略推動模式之研究,"[319, 576, 721]","行動研究, 氣候變遷, 組織動員"
小麥耐熱品系選育,"[111, 380, 517, 1104]","小麥, 育種, 耐熱, 選拔"
因應氣候變遷之水稻抗白葉枯病新品系研發,"[126, 174, 256]","分子標誌輔助選拔, 水稻, 白葉枯病"
氣候變遷對台灣高海拔地區野生動物指標類群族群變動之影響(2/4),"[199, 438, 462, 492, 637, 660, 856, 971, 1056, 1059, 1142]","台灣, 爬蟲類, 長期監測, 指標物種, 高山地區, 動物相, 楚南氏山椒魚, 監測模式, 蝙蝠類, 蝴蝶類, 繁殖鳥類"
水稻耐熱品種篩選及因應高溫栽培技術之研究,"[174, 486, 517]","水稻, 品種, 耐熱"
氣候變遷對授粉昆蟲行為影響及生產因應對策,"[318, 576, 690]","行為生態, 氣候變遷, 授粉昆蟲"
耐旱山藥及耐寒玉米之種原篩選與繁殖,"[331, 576, 992]","作物生產, 氣候變遷, 種原"
茶及油茶耐低溫、高溫及乾旱品系選育及產品之開發,"[436, 617, 630, 1103]","油茶, 茶, 逆境, 選育"
冬茶暖冬與春茶低溫對茶業產製銷及共同物流需求之研究,"[324, 403, 440, 617, 855]","低溫, 供應, 物流, 茶, 暖冬"
耐熱性紅豆種原篩選及品種選育,"[486, 504, 992, 1096, 1103]","品種, 紅豆, 種原, 篩選, 選育"
因應氣候變遷之國際農業科技交流合作-抗、耐逆境水稻品種之開發(2),"[208, 267, 514, 632, 670, 748, 995, 1050]","外表型評估, 全球氣候變遷, 耐逆境基因, 逆境調適能力之水稻, 國際合作, 單一核?酸多型性, 種原評估/交換, 稻熱病/白葉枯病"
耐逆境牛樟、泡桐與雜交桉種原選拔與利用(2/4),"[186, 513, 1179, 1180]","牛樟, 耐逆境, 雜交泡桐, 雜交桉"
耐熱性小麥及大豆種原篩選及繁殖,"[104, 111, 994]","大豆, 小麥, 種原評估"
水稻耐熱性快速篩選模式建立及種原評估,"[174, 649, 992]","水稻, 高溫逆境, 種原"
「因應氣候變遷及糧食安全之農業創新研究」計畫之農研評析與管理,"[576, 913, 1158, 1164]","氣候變遷, 農業生產, 糧食安全, 糧食自給率"
耐濕冷馬鈴薯品種選育,"[324, 520, 634, 1111, 1120]","低溫, 耐濕性, 馬鈴薯, 儲藏, 營養系"
設施內茄科蔬菜利用蜜蜂授粉生產之研究,"[430, 431, 576, 1019]","果實品質, 果實產量, 氣候變遷, 蜜蜂授粉"
建立國產米飯升醣指數資料促進米食消費之研究,"[129, 167, 303, 310, 694]","升糖指數, 水解指數, 米, 米飯, 推算升糖指數"
彙整國際米食加工發展趨勢，並辦理促進米食加工技術交流國際研討會暨專業座談會,"[193, 305, 501]","加工, 米食, 研討會"
因應氣候變遷強化發芽稻穀應用之研究,"[814, 846, 849, 1051]","發芽, 微(粉)化, 微膠囊化, 稻穀"
提昇糧食安全強化國產米新用途–開發蒟蒻米產品,"[311, 545, 1018, 1158]","米穀粉, 食品擠壓技術, 蒟蒻粉, 糧食安全"
提昇糧食安全強化國產米新用途開發–速食麵產品,"[311, 350, 737]","米穀粉, 吸油率, 速食麵"
提昇糧食安全強化國產米儲存技術及流通性之研究,"[736, 944, 945, 1093, 1094]","速食米飯, 預煮米, 預糊化米, 澱粉老化, 澱粉糊化"
草生栽培對粘板岩沖積土壤碳匯和葡萄調適極端氣候之影響,"[99, 622, 859, 895]","土壤碳匯, 草生栽培, 極端氣候, 葡萄"
原生蔬菜長蒴黃麻耐熱性評估及營養成份分析,"[238, 463, 517, 550, 1116]","生理指標, 長蒴黃麻, 耐熱, 原生蔬菜, 營養"
臺東地區原生蔬菜耐旱種原篩選及栽培研究,"[510, 550, 576]","耐旱性, 原生蔬菜, 氣候變遷"
宜花地區重要原生蔬菜生產技術與耐逆境評估,"[156, 550, 630, 809, 890, 1195]","水生植物, 原生蔬菜, 逆境, 番杏, 落葵, 糯米團"
嘉南地區環境親和型旱田輪作經營模式,"[251, 505, 522, 709, 843, 1004, 1148]","田菁, 紅高粱, 胡麻, 甜玉米, 黑豆, 綠豆, 薏苡"
原生蔬菜-紅茄耐逆境生產模式建立,"[472, 576, 630]","非洲紅茄, 氣候變遷, 逆境"
土壤肥力診斷與改良應用於環境親和型水稻玉米等栽培制度管理,"[94, 95, 97, 344, 576, 607, 1204]","土壤改良, 土壤肥力, 土壤診斷, 作物營養, 氣候變遷, 耕作制度, 灌溉水品質"
氣候變遷對農業生態系之影響長期觀測,"[229, 461, 915]","生物多樣性, 長期生態研究, 農業生態系"
環境親和型原民蔬菜繁殖與評估,"[549, 1132, 1141]","原民蔬菜, 環境親和型, 繁殖"
廢菇包添加樹薯粉製作肉牛用青貯料之研究,"[728, 954, 1031, 1088]","荷蘭閹公牛, 飼料價值, 廢菇包, 樹薯粉"
因應全球性極端氣候及糧食危機，開發多元化飼料原料-樹薯替代玉米為家禽能量飼料之研究,"[236, 314, 610, 1087]","生長性能, 肉雞, 能量飼作, 樹薯"
發酵雞血粉搭配樹薯粉於童子雞飼糧之應用,"[191, 228, 818, 1088]","代謝能, 生物可利用性, 發酵雞血粉, 樹薯粉"
高產飼料稻米品種選育及生產模式之建立-臺南區農業改良場,"[174, 644, 948]","水稻, 高產, 飼料"
飼料甘藷品種選育-桃園區農業改良場,"[486, 950, 1103]","品種, 飼料甘藷, 選育"
北部地區飼料甘藷低投入省工栽培系統建立,"[224, 323, 565]","甘藷, 低投入, 栽培系統"
提升飼料稻米產量與糙米粗蛋白質含量之關鍵性管理技術研究,"[96, 101, 197, 719, 955, 956]","土壤氮素供應, 土壤管理組, 可消化養分總量, 粗蛋白質, 飼料稻, 飼料稻米"
飼料玉米耐浸水種原之篩選與利用,"[211, 218, 512, 815]","幼苗期, 玉米自交系, 耐浸水, 發芽率"
飼料甘藷品種選育,"[224, 609, 729, 948, 1092]","甘藷, 胰蛋白?活性, 蛋白質, 飼料, 澱粉"
臺灣中部颱風災害前後果樹防災管理之研究,"[131, 433, 753, 808, 891, 1023]","天然災害, 果樹, 復育, 番石榴, 葉面施肥, 颱風"
氣候變遷對臺灣西南海域主要經濟性魚種資源與漁場影響之研究,"[154, 406, 412, 413, 576, 963]","水文環境, 刺鯧, 底拖網, 底棲魚類, 氣候變遷, 漁場"
臺灣南部木瓜、文旦柚淹水前後栽培管理及復育技術之建立,"[139, 145, 292, 399, 576, 754, 825]","文旦柚, 木瓜, 扦插, 亞磷酸, 氣候變遷, 復育技術, 菌根菌"
因應氣候變遷森林生長環境脆弱指標及調適策略研究（2/4）,"[92, 247, 249, 614, 773, 836]","土砂災害, 生態脆弱度, 生態模型, 航遙測, 森林動態樣區, 集水區"
豪雨災後高致病性之蔬菜病害種類調查及管理,"[600, 706, 997, 1055]","病害, 淹水, 管理, 蔬菜"
因應突發氣象災害蔬菜緊急處理氣調貯藏技術與設備之研發,"[488, 584, 1055]","品質, 氣調貯藏, 蔬菜"
養殖生產區防洪研究-養殖生產區進排水路查詢系統擴充及防災應變研究,"[283, 1053, 1082]","地理資訊系統, 線上查詢系統, 養殖漁業生產區"
農產廢棄物稻殼稻草回歸農田再利用之可行性研究,"[867, 931, 972]","碎化稻草, 農業廢棄物, 碳化稻殼"
主要糧食與蔬果天然貯藏系統之研發,"[348, 757, 1052]","冷藏, 普通貯藏, 窯洞貯藏"
減緩牛隻因氣候變化引發生乳高體細胞數之營養策略- 維生素與礦物質,"[301, 726, 1006, 1212, 1215]","有機鉻, 荷蘭泌乳牛, 維生素C, 鐵, 體細胞數"
夏季型短期芻料作物生產研究─青割玉米與高粱混植生產,"[217, 576, 615, 650, 704]","玉米, 氣候變遷, 芻料生產, 高粱, 混植"
氣候變遷下抗逆境飼料作物之生產與利用,"[193, 669, 691, 1087]","加工, 國際交流, 採收, 樹薯"
強化稻作育種技術以因應暖化衝擊及提升糧食自給率-抗白葉枯病品種選育,"[174, 256, 576]","水稻, 白葉枯病, 氣候變遷"
因應氣候變遷建構雲林縣蓮霧新產區示範圃,"[257, 712, 1054]","示範圃, 產期調節, 蓮霧"
氣候變遷對畜牧及作物生產之影響,"[576, 689, 893, 940, 1199]","氣候變遷, 掃描式電子顯微鏡用微電腦斷層儀, 葉綠素螢光影像分析儀, 電腦自動化擠乳設備, 攜帶式光合作用葉綠素螢光分析儀"
評估氣候變遷對乾旱風險之影響,"[534, 576, 651]","風險, 氣候變遷, 乾旱"
因應氣候變遷提高農業灌溉系統回復力之調適措施研究,"[576, 1067, 1208]","氣候變遷, 調適措施, 灌溉系統"
日照量改變對稻作產量之影響評估,"[143, 576, 653]","日照量, 氣候變遷, 偏差校正"
應用主成份分析法評估作物產量因子在氣候變遷下之變化,"[19, 189, 576]","DSSAT作物生長模式, 主成分分析法, 氣候變遷"
因應氣候變遷對水稻稻熱病發病生態消長研究,"[174, 576, 1049]","水稻, 氣候變遷, 稻熱病"
氣候變遷對人畜共通傳染病之影響與因應對策之研究,"[58, 87, 163, 184, 283, 293, 559, 576, 597, 720, 870, 938, 970, 1080]","Q熱, 人畜共通傳染病, 水產動物, 牛流行熱, 地理資訊系統, 早期預警, 庫蠓, 氣候變遷, 疾病, 細菌, 禽流感, 鉤端螺旋體病, 監測, 養牛場"
氣候變遷對太平洋及大西洋鮪延繩釣影響潛勢之研究,"[102, 103, 133, 464, 842, 1028, 1154]","大目鮪, 大西洋, 太平洋, 長鰭鮪, 黃鰭鮪, 劍旗魚, 鮪漁場學"
氣候變遷對印度洋鮪類漁海況之影響分析,"[273, 464, 842, 1154]","印度洋, 長鰭鮪, 黃鰭鮪, 鮪漁場學"
重要棲地環境調查研究-臺灣周邊海域基礎生產力監測及湧升流漁業資源調查,"[166, 576, 679, 800, 937, 966, 1119]","水溫, 氣候變遷, 基礎生產力, 湧昇流, 過漁指數, 漁獲平衡指數, 營養位階"
氣候變遷對澎湖群島海洋生態系之衝擊及脆弱度評估,"[500, 576, 611, 998, 1039]","珊瑚礁生態系, 氣候變遷, 脆弱度, 管理策略, 澎湖群島"
氣候變遷下廣泛分布樹種之選育與利用(4/4),"[576, 593, 678, 990, 1034, 1138, 1200]","氣候變遷, 烏心石, 培育苗木, 種子儲藏和發芽, 樟樹, 穗條嫁接, 櫸樹"
因應氣候變化之林業部門碳管理策略與效益分析(2/4),"[576, 776, 958]","氣候變遷, 森林經營, 態度"
國際林業經營及科技合作計畫,"[147, 148, 187, 245, 246, 359, 421, 424, 425, 427, 575, 605, 675, 746, 774, 776, 778, 779, 999, 1126, 1144]","木博物館, 木頭之路, 世界植物學大會, 生態旅遊, 生態旅遊活動, 步道經營管理, 林業文化, 林業技術, 林業經濟, 林業觀光, 氣候變化綱要公約第19次締約國會議暨京都議定書生效後第9屆簽約國會, 紐西蘭保育部, 國際植群大會, 創意產業, 森林教育, 森林經營, 森林遊樂區, 森林碳, 管理資訊系統, 環境信託組織, 聯合國氣候變化綱要公約"
高海拔山區草原生態系變遷調查 (1/2),"[268, 576, 642]","全球高山環境觀測研究計畫, 氣候變遷, 高海拔山區草原生態系"
因應氣候變遷之生物多樣性脆弱度評估與風險管理研究(2/3)-台灣水青岡森林片斷化研究,"[229, 242, 444, 447, 576, 785, 885, 1068, 1105]","生物多樣性, 生態系, 物候變動, 物種分佈, 氣候變遷, 棲地片斷化, 群落, 調適策略, 遺傳多樣性"
因應氣候變遷之生物多樣性脆弱度評估與風險管理研究(2/3)-台灣維管束植物的地理分布及氣候對亞熱帶雨林植物物候之影響,"[242, 444, 576, 772, 885]","生態系, 物候變動, 氣候變遷, 森林動態, 群落"
因應氣候變遷之生物多樣性脆弱度評估與風險管理研究(2/3)-南仁山森林動態樣區之變化,"[199, 411, 1042]","台灣, 季風, 熱帶森林"
因應氣候變遷之生物多樣性脆弱度評估與風險管理研究(2/3)-水青岡昆蟲相與水青岡森林片斷化關聯之研究,"[229, 447, 576, 784]","生物多樣性, 物種分佈, 氣候變遷, 棲地片段化"
因應氣候變遷之生物多樣性脆弱度評估與風險管理研究(2/3)-台灣維管束植物遺傳多樣性探討,"[200, 201, 576, 785, 1105]","台灣水青岡, 台灣冷杉, 氣候變遷, 棲地片斷化, 遺傳多樣性"
野生植物監測研究-時空動態監測及敏感度評估,"[117, 269, 283, 419, 621, 770]","干擾, 全球暖化, 地理資訊系統, 林下植物, 草本層, 森林界線"
合歡山高海拔生態系長期監測之研究(1/2),"[638, 970, 1136]","高山植物, 監測, 環境變遷"
建構因應經貿自由化我國糧食安全體系之研究,"[878, 1158, 1159, 1162, 1163]","經貿自由化, 糧食安全, 糧食安全分級管理體系, 糧食安全策略地圖, 糧食安全體系"
我國糧食安全預警系統發布與應變機制之規劃研究,"[278, 946, 1158, 1161]","因應策略, 預警系統, 糧食安全, 糧食安全指標"
具提升自給潛力農產品之經濟效益與擴大消費之研究,"[881, 1156, 1158, 1164]","經濟效益, 擴大消費, 糧食安全, 糧食自給率"
氣候變遷下農地調適之策略與推動模式研究,"[281, 576, 900, 903]","地方調適, 氣候變遷, 農地, 農地資源空間規劃"
高屏地區稻作農民對氣候變遷的風險知覺與調適策略之研究,"[536, 576, 1068]","風險知覺, 氣候變遷, 調適策略"
國際糧食安全機制研究,"[1158, 1167, 1169]","糧食安全, 糧食援助, 糧食儲備"
建構糧食安全體系所需基礎統計資料蒐集制度之研究,"[190, 287, 449, 665, 724, 829, 851, 920, 930, 936, 1157, 1161, 1164]","主要糧食消費, 存貨調查, 直接給付, 國內供給分配, 統計制度, 貿易自由化指標, 損耗, 農業保險, 農業經營主體, 運銷通路, 糧食平衡表, 糧食安全指標, 糧食自給率"
糧食安全應變機制與策略-因應氣候變遷農業天然災害保險之機制與策略,"[912, 1089, 1158]","農業天然災害保險, 機制與策略, 糧食安全"
因應氣候變遷之水稻抗白葉枯病新品系篩選,"[174, 256, 416]","水稻, 白葉枯病, 抵抗性篩選"
因應氣候變遷之多元化禽畜飼料資源與營養配方開發研究- 海藻飼料化應用研究,"[589, 741, 948]","海藻, 魚, 飼料"
氣候變遷對台灣高海拔地區野生動物指標類群族群變動之影響,"[199, 462, 492, 637, 660, 856, 971, 1020, 1056, 1059, 1142]","台灣, 長期監測, 指標物種, 高山地區, 動物相, 楚南氏山椒魚, 監測模式, 蜥蜴類, 蝙蝠類, 蝴蝶類, 繁殖鳥類"
以乳酸菌發酵提升芝麻粕與雞血之混合物應用於家禽飼料之價值,"[398, 457, 817, 1184]","乳酸菌, 芝麻粕, 發酵, 雞血"
因應氣候變遷之多元化禽畜飼料資源與營養配方開發研究-樹薯替代玉米為家禽能量飼料之研究,"[487, 730, 1087]","品種鑑定, 蛋雞飼料, 樹薯"
廢菇包添加樹薯粉及青割玉米製作肉牛用青貯料之研究,"[728, 954, 1031, 1088]","荷蘭閹公牛, 飼料價值, 廢菇包, 樹薯粉"
建立高產優質飼料作物栽培生產模式-臺南區農業改良場,"[174, 644, 948]","水稻, 高產, 飼料"
茶樹耐低溫、高溫及乾旱品種(系)選育及產品之開發,"[617, 630, 1103]","茶, 逆境, 選育"
因應氣候變遷之國際農業科技交流合作-抗、耐逆境水稻品種之開發(3),"[208, 267, 514, 632, 670, 748, 995, 1050]","外表型評估, 全球氣候變遷, 耐逆境基因, 逆境調適能力之水稻, 國際合作, 單一核?酸多型性, 種原評估/交換, 稻熱病/白葉枯病"
耐逆境牛樟、泡桐與雜交桉種原選拔與利用(3/4),"[186, 513, 1179, 1180]","牛樟, 耐逆境, 雜交泡桐, 雜交桉"
水稻種原耐熱性評估及利用,"[174, 649, 992]","水稻, 高溫逆境, 種原"
耐熱性小麥及大豆種原篩選與評估,"[104, 111, 994]","大豆, 小麥, 種原評估"
高產飼料稻米品種選育及生產模式之建?－農業試驗所,"[174, 956, 1010, 1164]","水稻, 飼料稻米, 聚合育種, 糧食自給率"
彙整國際米食加工發展趨勢，辦理米食加工技術交流之國際研討會暨專業座談會,"[193, 305, 501]","加工, 米食, 研討會"
應用魚漿製備調合米籽條技術之開發,"[304, 311, 743]","米籽條, 米穀粉, 魚漿"
常溫保存速食糙米粿片之開發,"[735, 1001, 1139]","速食, 粿, 糙米"
米薯條產品之開發,"[311, 312, 545, 635]","米穀粉, 米薯條, 食品擠壓技術, 馬鈴薯澱粉"
因應氣候變遷災害稻穀淨化技術及新型態機能米食製品研發,"[702, 814, 841, 846, 849, 1051]","淨化技術, 發芽, 黃麴毒素, 微(粉)化, 微膠囊化, 稻穀"
設施介質耕環境親和型栽培技術之開發,"[119, 732, 1133]","介質, 設施, 環境親和型技術"
草生栽培對粘板岩沖積土壤碳匯和果樹調適極端天候之影響,"[99, 622, 857]","土壤碳匯, 草生栽培, 極端天候"
原生蔬菜山芹菜栽培技術改進及營養成份分析,"[116, 550, 987, 1076, 1118]","山芹菜, 原生蔬菜, 種子層積, 遮光, 營養成份"
環境監測技術應用於茄科蔬菜生產,"[263, 687, 810, 970, 1040, 1124, 1128]","全紅番茄, 彩色甜椒, 番茄, 監測, 熟果甜椒, 環境, 環境監測"
災後番荔枝果園之復耕技術研究及鳳梨釋迦果園防風栽培模式之建立,"[392, 811, 1025]","防風栽培技術, 番荔枝, 鳳梨釋迦"
原生蔬菜-非洲紅茄耐逆境生產模式建立,"[472, 473, 576, 630]","非洲紅茄, 非洲茄, 氣候變遷, 逆境"
節能設備應用於果菜生產,"[109, 810, 877]","小胡瓜, 番茄, 節能"
農產廢棄物稻殼稻稈多元利用之可行性研究,"[868, 931, 972]","碎化稻稈, 農業廢棄物, 碳化稻殼"
因應氣候變遷森林生長環境脆弱指標及調適策略研究（3/4）,"[92, 247, 249, 614, 773, 836]","土砂災害, 生態脆弱度, 生態模型, 航遙測, 森林動態樣區, 集水區"
土壤肥力診斷與改良應用於環境親和型水稻玉米等栽培制度管理與增產技術之研究,"[95, 97, 100, 576, 607, 1070]","土壤肥力, 土壤診斷, 土壤管理, 氣候變遷, 耕作制度, 輪作"
主要糧食與蔬果利用天然低溫之貯藏系統研發,"[348, 757, 1052]","冷藏, 普通貯藏, 窯洞貯藏"
103年度養殖生產區進排水路查詢系統擴充及防災應變研究,"[283, 1053, 1082]","地理資訊系統, 線上查詢系統, 養殖漁業生產區"
應用綠肥營造環境親和型水旱田輪作模式,"[576, 634, 1005, 1135]","氣候變遷, 馬鈴薯, 綠肥, 環境親和型耕作模式"
減緩牛隻因氣候變化引發生乳高體細胞數之營養策略-維生素與礦物質,"[718, 726, 1007, 1215]","硒, 荷蘭泌乳牛, 維生素E, 體細胞數"
強化稻作育種技術以因應暖化衝擊及提升糧食自給率(IRRI)_1. 抗稻熱病品種選育,"[174, 316, 576, 631, 1049]","水稻, 自給率, 氣候變遷, 逆境耐/抗性, 稻熱病"
氣候變遷對降雨特性及糧食安全之影響,"[270, 454, 576]","全球環流模式, 空間降尺度, 氣候變遷"
氣候變遷對嘉南地區作物需水量與灌溉用水量之影響,"[341, 576, 1211]","作物需水量, 氣候變遷, 灌溉需水量"
氣候變遷對台灣地區降雨之衝擊評估,"[136, 194, 358, 530, 576]","支援向量機, 去勢波動分析法, 改良式自組織線性輸出映射圖, 降尺度, 氣候變遷"
休耕農地活化對農業灌溉用水需求量之評估 - 以新竹地區為案例,"[576, 922, 1208]","氣候變遷, 農業風險, 灌溉系統"
氣候變遷對石門水庫灌溉供水風險之影響評估,"[538, 576, 1209]","風險評估, 氣候變遷, 灌溉供水"
氣候變遷下河川型灌區之取水可靠度對糧食安全之影響評估,"[407, 576, 1158]","取水可靠度, 氣候變遷, 糧食安全"
因應氣候變遷作物生長模式建立之臺美技術交流,"[198, 576, 1035]","台美科技交流, 氣候變遷, 模式化模擬"
花蓮區重要作物病蟲害綜合管理技術研究,"[132, 174, 180, 222, 223, 241, 296, 297, 298, 300, 337, 338, 353, 381, 382, 417, 460, 465, 474, 475, 484, 515, 521, 561, 576, 598, 616, 655, 686, 697, 698, 699, 710, 711, 749, 758, 808, 823, 840, 933, 991, 1022, 1049, 1109, 1171, 1172]","天敵, 水稻, 水稻稻熱病, 瓜實蠅, 瓜類蔬菜, 生態友善環境, 有害生物綜合防治, 有害生物綜合管理, 有機青蔥, 有機農業, 作物病蟲害診斷, 作物病蟲害診斷諮詢, 忌避植物, 芋, 芋頭, 東方果實蠅, 金針, 青蔥, 非農藥防治, 非農藥資材, 南瓜捲葉病毒, 耐高溫, 胡瓜, 根?, 氣候變遷, 病毒, 茭白筍, 健康種苗, 彩色海芋, 梨, 梨木蝨, 梨黑星病, 甜椒, 產孢, 圍籬植物, 景觀作物, 番石榴, 絲瓜萎凋, 黃花粉蚜, 農藥, 種苗處理, 銀葉粉蝨, 稻熱病, 龍鬚菜, 蟲生病原真菌, 蟲生真菌"
氣候變遷對太平洋及大西洋鮪旗魚類漁況之影響分析,"[105, 291, 577, 961, 967, 1152]","大型圍網漁業, 年間環境變異, 氣候變遷影響, 漁況分析, 漁獲資料分析, 鮪釣漁業"
氣候變遷對印度洋鮪旗魚類漁況之影響分析,"[273, 576, 1151, 1154]","印度洋, 氣候變遷, 鮪延繩釣, 鮪漁場學"
國際森林經營及科技合作,"[6, 7, 8, 9, 10, 12, 13, 14, 15, 17, 23, 25, 26, 27, 28, 29, 30, 31, 32, 33, 34, 35, 39, 41, 45, 46, 48, 52, 57, 60, 61, 62, 63, 64, 65, 66, 67, 76, 77, 78, 79, 81, 115, 141, 142, 146, 200, 206, 229, 230, 272, 315, 370, 400, 420, 421, 422, 426, 476, 491, 576, 629, 666, 672, 688, 755, 775, 776, 777, 781, 782, 783, 807, 835, 934, 935, 974, 1003, 1145]","Annual National Inventory Report, Biodiversity, Biodiversity Adaptation, Biwa Lake, Carbon Trading, Climate change, Climate Change, Conservation, COP21, Disaster risk assessment, FFPRI, Forest Certification, Forest Habitat, Forest Industry Cultural Park, Forest Industry Culture, Forest industry relics exhibition, Forest Management, Forest management unit level, Forest Therapy, Forest wetland, Forestry and Forest Products Research Institute, Forestry Carbon Sequestration, Green Infrastructure, Health promotion, International Society of Nature and Forest Medicine, Invasive Alien Species, Kyoto Protocol, Mountain lacustrine and palustrine, POMS, Recovery, Re-create, Recreation and Conservation conflict, Recreational Facilities, REDD+, Reducing Emissions from Deforestation and forest Degradation, Repurposing of Unused Space, Restoration, Taiwan beech, The profile of mood states, The Society of Forest Amenity and Human Health Promotion In Japan), Urban Natural Resources Stewardship, Wooden building preservation techniques, 山地湖沼, 日本國立森林綜合研究所, 日本森林保健學會, 木造建築保存技術, 台灣水青岡, 外來物種入侵, 生物多樣性, 生物多樣性調適, 再創造, 自然資源管理, 災害風險評估, 京都議定書, 林產業遺跡展示規劃, 林業文化, 林業文化園區, 林業碳匯, 保育, 恢復, 氣候變遷, 追求健康促進, 國家清冊計算, 國際自然暨森林醫學協會, 情緒狀態量表, 復原, 森林棲地, 森林經營, 森林經營水平, 森林濕地, 森林療癒, 森林驗證, 琵琶湖, 閒置空間再利用, 遊憩設施, 遊憩與保育衝突, 碳交易, 綠色基礎建設, 聯合國氣候變遷綱要公約第21次締約國會議"
高海拔山區草原生態系變遷調查 (2/2),"[268, 576, 642]","全球高山環境觀測研究計畫, 氣候變遷, 高海拔山區草原生態系"
因應氣候變遷之生物多樣性脆弱度評估與風險管理研究(3/3)-台灣維管束植物的地理分布及氣候對亞熱帶雨林植物物候之影響,"[242, 282, 576, 772, 885]","生態系, 地理分布, 氣候變遷, 森林動態, 群落"
因應氣候變遷之生物多樣性脆弱度評估與風險管理研究(3/3)-南仁山森林動態樣區之變化,"[199, 411, 448, 1042]","台灣, 季風, 物種轉換, 熱帶森林"
因應氣候變遷之生物多樣性脆弱度評估與風險管理研究(3/3)-台灣水青岡森林片斷化研究,"[200, 229, 242, 274, 370, 375, 444, 447, 576, 611, 785, 885, 1068]","台灣水青岡, 生物多樣性, 生態系, 危險度, 災害風險評估, 災害潛勢分級, 物候變動, 物種分佈, 氣候變遷, 脆弱度, 棲地片斷化, 群落, 調適策略"
因應氣候變遷之生物多樣性脆弱度評估與風險管理研究(3/3)-水青岡昆蟲相與水青岡森林片斷化關聯之研究,"[229, 445, 576, 784]","生物多樣性, 物種分布, 氣候變遷, 棲地片段化"
因應氣候變遷之生物多樣性脆弱度評估與風險管理研究(3/3)-台灣維管束植物遺傳多樣性探討,"[200, 576, 785, 1105]","台灣水青岡, 氣候變遷, 棲地片斷化, 遺傳多樣性"
合歡山高海拔生態系長期監測之研究(2/2),"[638, 970, 1136]","高山植物, 監測, 環境變遷"
新糧食來源及緊急時期糧食增產制度之研究,"[854, 1158, 1168]","新糧食來源, 糧食安全, 糧食增產制度"
我國糧食生產與國民營養及消費關聯強化之研究暨糧食安全體系研究成果評析,"[668, 1122, 1158, 1163, 1164]","國產農產品消費, 營養與消費, 糧食安全, 糧食安全體系, 糧食自給率"
氣候變遷下農地調適策略與農地資源空間規劃之結合應用,"[576, 902, 903, 904]","氣候變遷, 農地脆弱度, 農地資源空間規劃, 農地調適規劃"
因應氣候變遷我國農作物保險推行模式之研究,"[335, 920, 921]","作物保險, 農業保險, 農業政策"
耐低溫大豆品種選育及栽培技術改進,"[104, 380, 564]","大豆, 育種, 栽培技術"
氣候變遷對蜜蜂行為影響及生產因應對策,"[576, 690, 1083]","氣候變遷, 授粉昆蟲, 養蜂技術"
因應氣候變遷之國際農業科技交流合作-抗、耐逆境水稻品種之開發(4),"[208, 267, 514, 632, 670, 748, 995, 1041, 1050]","外表型評估, 全球氣候變遷, 耐逆境基因, 逆境調適能力之水稻, 國際合作, 單一核?酸多型性, 種原評估/交換, 熱耐受性, 稻熱病/白葉枯病"
耐逆境牛樟、泡桐與雜交桉種原選拔與利用(4/4),"[186, 513, 1179, 1180]","牛樟, 耐逆境, 雜交泡桐, 雜交桉"
水稻種原耐熱性評估與利用,"[174, 518, 992]","水稻, 耐熱性, 種原"
小麥耐熱性種原評估,"[111, 828, 992]","小麥, 評估, 種原"
以米穀粉研發即食＆營養(漿糰)棒及其冷凍、復熱質地、消費適口性評估與改善,"[311, 1073, 1121]","米穀粉, 適口性, 營養棒"
以擠壓加工量產米香海鮮酥條技術之開發,"[311, 470, 742, 869, 1057, 1113]","米穀粉, 非油炸, 魚酥, 碎米, 蝦皮, 擠壓加工"
利用米穀粉生產素食高湯粉之研究,"[311, 606, 646, 817, 839]","米穀粉, 素食, 高湯, 發酵, 黃豆"
國產秈米於米粉絲之製作與加工應用,"[307, 311, 453]","米粉絲, 米穀粉, 秈米"
利用米穀粉進行冷凍裹油類麵糰加工技術開發,"[311, 346, 833]","米穀粉, 冷凍麵糰, 酥皮"
經兩段式發酵之芝麻粕與雞血之混合物於白肉雞飼料之應用,"[255, 457, 817, 1184]","白肉雞, 芝麻粕, 發酵, 雞血"
菇包殘基搭配盤固拉草製成供商業肉牛場使用青貯料之研究,"[728, 824, 1045]","荷蘭閹公牛, 菇包殘基, 盤固草"
選育高產優質飼料玉米品種-耐浸水飼料玉米品系之篩選與利用,"[211, 218, 512]","幼苗期, 玉米自交系, 耐浸水"
原生蔬菜非洲芥藍耐旱性評估及營養成分分析,"[471, 651, 992, 1117]","非洲芥藍, 乾旱, 種原, 營養成分"
北部地區環境親和型水稻與旱田作物輪作經營模式之建立,"[288, 322, 877, 1070, 1134]","安全農業, 低污染, 節能, 輪作, 環境親和型耕作制度"
環境親和型原生蔬菜繁殖與評估,"[550, 1132, 1141]","原生蔬菜, 環境親和型, 繁殖"
災後番荔枝果園之復耕技術研究及鳳梨釋迦果園防風栽培,"[392, 811, 1025]","防風栽培技術, 番荔枝, 鳳梨釋迦"
臺灣各茶區茶葉產製作業曆之調整與應用,"[345, 617, 1015]","作業曆, 茶, 臺灣"
因應氣候變遷森林生長環境脆弱指標及調適策略研究(4/4),"[92, 247, 455, 614, 771, 773]","土砂災害, 生態脆弱度, 空間資訊, 航遙測, 森林健康, 森林動態樣區"
養殖生產區進排水路查詢系統擴充及防災應變研究,"[368, 1053, 1082]","災害防救作業手冊, 線上查詢系統, 養殖漁業生產區"
節能設備應用於果菜生產之研究,"[109, 810, 877]","小胡瓜, 番茄, 節能"
主要糧食與蔬果之節能貯藏系統研發,"[348, 757, 1052]","冷藏, 普通貯藏, 窯洞貯藏"
耐逆境糧食作物先進育種國際研討會,"[125, 233, 269, 302, 380, 468, 513, 576, 1165]","分子標誌, 生物型逆境, 全球暖化, 次世代定序, 育種, 非生物型逆境, 耐逆境, 氣候變遷, 糧食作物"
氣候變遷之作物反應評估與減排調適策略研擬,"[342, 576, 1013, 1035, 1068]","作物模式, 氣候變遷, 臺美科技交流, 模式化模擬, 調適策略"
作物溫度逆境模擬試驗平台之建置,"[576, 860, 864]","氣候變遷, 溫室, 溫度逆境"
加拿大森林認證制度及APEC林業合作之研究,"[423, 576, 780]","林業合作, 氣候變遷, 森林認證"
因應氣候變遷以生物遺傳資源平台建置抗耐逆境優質水稻研究計畫,"[44, 181, 182, 232, 332, 576, 654, 670, 676, 995, 1075, 1105]","International Rice Research Institute, 水稻遺傳多樣性, 水稻營養價值, 生物性與非生物性逆境, 作物生產力, 氣候變遷, 健康水稻, 國際合作, 國際稻米研究所, 種原評估/交換, 適應氣候的水稻, 遺傳多樣性"
因應氣候變遷下水稻生產模式之開發及耐高夜溫優質稻米選育,"[264, 343, 640, 1046]","全基因組關聯研究, 作物機制模式, 高夜溫逆境, 稻米品質"
強化稻作生產技術國際合作以應對氣候變遷及提升糧食自給率(IRRI),"[174, 576, 630, 1164]","水稻, 氣候變遷, 逆境, 糧食自給率"
第二十三屆太平洋科學大會,"[503, 574, 1124]","科學, 氣候變化, 環境"
農業氣象觀測及資源整合,"[576, 579, 648, 923]","氣候變遷, 氣象災害, 高溫害, 農業氣象"
農業生態系長期生態研究與應用,"[1, 2, 7, 16, 50, 53, 59, 229, 239, 461, 576, 607, 915, 1079, 1189]","Agricultural Ecosystem, Agricultural Ecoystem, Biodiversity, Cultivation System, Long Term Ecological Research, Nutrient Budget, Rational Database Management System, 生物多樣性, 生產, 長期生態研究, 氣候變遷, 耕作制度, 農業生態系, 養分收支, 關聯式資料庫管理系統"
枯旱情境下農業用水管理調節機制,"[161, 174, 253, 576, 652, 874]","水庫枯旱供水操作, 水稻, 田間灌溉用水量, 氣候變遷, 乾旱預警系統, 節水灌溉"
三大洋台灣鮪釣漁業長鰭鮪漁況預報可行性分析,"[133, 273, 464, 576, 962]","太平洋, 印度洋, 長鰭鮪, 氣候變遷, 漁海況"
三大洋台灣鮪釣漁業劍旗魚漁況預報可行性分析,"[290, 577, 961, 967, 1152]","年間氣候變異, 氣候變遷影響, 漁況分析, 漁獲資料分析, 鮪釣漁業"
中西太平洋大型圍網漁業正鰹漁況預報可行性分析,"[118, 213, 576, 786, 787, 962, 1213]","中西太平洋, 正鰹, 氣候變遷, 棲地適合度指標, 棲地適合度指標(HSI), 漁海況, 鰹鮪圍網"
氣候及環境變遷下都市林病蟲害綜合管理之研究(1/4),"[576, 602, 738]","氣候變遷, 病蟲害管理, 都市林"
因應氣候變遷生物多樣性回復力之研究-維管束植物殘存地點分布與保育策略之分析,"[229, 538, 539, 576, 611, 767]","生物多樣性, 風險評估, 風險管理, 氣候變遷, 脆弱度, 森林生態系調適"
因應氣候變遷生物多樣性回復力之研究-以大白山至大南澳嶺與雙溪、頭城山區為例,"[200, 539, 576, 611, 1074]","台灣水青岡, 風險管理, 氣候變遷, 脆弱度, 適應性經營"
因應氣候變遷生物多樣性回復力之研究-以南仁山及槲櫟森林為例,"[482, 574, 611]","南仁山, 氣候變化, 脆弱度"
因應氣候變遷生物多樣性回復力之研究-以台灣水青岡與槲櫟森林的昆蟲為例,"[200, 229, 539, 576, 611, 784, 1074]","台灣水青岡, 生物多樣性, 風險管理, 氣候變遷, 脆弱度, 棲地片段化, 適應性經營"
「農業氣象觀測網?之強化與災防化,"[926, 927, 1000]","農業氣象觀測網, 農業氣象觀測網監控系統, 精緻化預報"
農業災害預警情資與損失評估整合系統,"[363, 366, 850, 918, 919, 920]","決策輔助系統, 災害地圖, 損失評估, 農業災害, 農業災害情網, 農業保險"
建構農業氣象研究人員培訓體系,"[501, 627, 923]","研討會, 訓練, 農業氣象"
建置主要食用作物氣象致災指標與栽培曆調整,"[84, 104, 111, 174, 217, 224, 388, 504, 563, 579, 888]","一般栽培作業曆, 大豆, 小麥, 水稻, 玉米, 甘藷, 防災栽培曆, 紅豆, 栽培作業曆, 氣象災害, 落花生"
建置重要經濟果樹致災臨界條件及因應氣候變遷之作物栽培曆,"[367, 433, 566, 896]","災害防治, 果樹, 栽培曆, 資料庫"
農林業災損經濟及脆弱度分析,"[376, 803, 908]","災害熱點, 無人飛機, 農林損害"
農作物災害早期預警及通報系統建置,"[365, 369, 906, 946]","災害, 災害保險, 農作物, 預警系統"
集水區潛在深層崩塌區位之劃定及管理(1/2),"[535, 703, 836]","風險分析, 深層崩塌, 集水區"
氣象災害對城鄉環境衝擊與綠色經濟調適策略分析及成效評估（1/2）,"[21, 91, 243, 1068]","EBA, 土地適宜性, 生態系服務, 調適策略"
鄉村社區產業現況與變遷調查及歷史氣象災害經濟損失評估（1/2）,"[579, 832, 883]","氣象災害, 鄉村社區, 經濟損失評估"
集水區環境資源和土地利用現況及變遷調查(1/4),"[90, 284, 579, 805]","土地利用變遷, 地質鑽探, 氣象災害, 無人載具"
農林山村土地崩塌潛勢分析與風險評估 (1/4),"[538, 683, 685, 898]","風險評估, 崩塌危險度, 崩塌潛勢, 資源承載量"
農林山村地區社經條件對自然危害風險承受與調適評估(1/4),"[387, 452, 715]","防災社區, 社經脆弱度, 產業結構"
山村農林業之生態經營對氣象災害調適策略之研究(1/4),"[150, 216, 469, 705]","水土流失, 永續經營, 非用材林產物, 混農林業"
城鄉土地承載力及產業資源空間配置整合研究(1/4),"[415, 489, 579, 765]","承載力, 城鄉地區, 氣象災害, 森林"
淹水逆境對葡萄裂果影響指標之建立,"[708, 827, 1098, 1175]","淹水逆境, 裂果, 膨壓, 轉色期"
鳳梨釋迦果園豪雨災害與焚風(高溫)落果指標建立與防範技術之研究,"[537, 706, 801, 887, 1025]","風險指標, 淹水, 焚風, 落果, 鳳梨釋迦"
園藝作物防（減）災技術研發及應用,"[55, 138, 386, 393, 465, 643, 700, 752, 797, 1077]","pear scions, 文旦, 防災, 防風網, 青蔥, 高接梨, 梨穗, 寒害, 減災, 遮雨棚"
芒果穩定生產之低溫預警體系之研究,"[324, 383, 569, 826]","低溫, 芒果, 氣候因子, 著果"
高接梨勘災技術、低溫逆境指標建置及調適策略研究,"[131, 283, 326, 578, 643, 804]","天然災害, 地理資訊系統, 低溫逆境, 氣象, 高接梨, 無人飛機載具"
北部地區柑桔類果樹寒害防護技術開發及應用,"[494, 752, 941]","柑橘, 寒害, 預防"
茶樹乾旱指標建置與減災調適,"[395, 617, 651]","防護, 茶, 乾旱"
毛豆災害預警體系建立及減災技術的研發,"[149, 159, 752, 798]","毛豆, 水害, 寒害, 減災技術"
防減紅龍果日燒傷害之研究,"[144, 396, 508]","日燒, 防曬, 紅龍果"
印尼大果種蓮霧冬果低溫寒害防減之研究,"[324, 548, 1054]","低溫, 凍傷, 蓮霧"
柑橘果實發育期旱澇災害產區之防範,"[494, 580, 651, 799, 1155]","柑橘, 氣象災害管理, 乾旱, 湛水, 叢枝菌根菌"
建置玉米及其病蟲害之致災氣象指標與防(減)災策略與措施,"[217, 220, 221, 394, 443, 524, 752]","玉米, 玉米褪綠斑駁病毒, 玉米薊馬, 防減災策略, 物候資訊系統, 致災氣象指標, 寒害"
柿霪雨災損臨界關鍵氣象指標建立與災害減損技術開發,"[372, 496, 1190]","災害減損技術, 柿, 霪雨"
梅雨對水稻穗上發芽影響程度指標與相關應對措施之建立,"[174, 924, 1137]","水稻, 農業氣象災害, 穗上發芽"
水稻秧苗期、分蘗盛期和幼穗分化期受水災災害之評估,"[128, 212, 603, 706]","分蘗盛期, 幼穗分化期, 秧苗期, 淹水"
水稻水、寒害災害指標建置及調適策略之開發-寒冷害,"[174, 395, 751]","水稻, 防護, 寒冷害"
水稻水害指標建置與防災技術之研究,"[174, 226, 706]","水稻, 生育期, 淹水"
果實保護資材於複合型氣象逆境的田間應用與推廣,"[405, 428, 429, 495, 568, 630, 924, 1064]","刺吸式口器害蟲, 果實保護資材, 果實保護劑, 柑橘類作物, 氣候, 逆境, 農業氣象災害, 複合型氣象逆境"
建立人為水稻災害試驗區災損評估技術,"[174, 511, 547, 579]","水稻, 耐旱特性, 倒伏, 氣象災害"
建立無人飛行載具於亞熱帶果樹生產監測與災害發生勘查基礎,"[131, 433, 713, 802, 1033]","天然災害, 果樹, 產量, 無人飛行載具, 影像"
模擬農作物災損影像判別技術研發,"[579, 802, 906]","氣象災害, 無人飛行載具, 農作物"
農業氣象災害前後無人機圖資取得及災損判釋技術發展,"[283, 339, 373]","地理資訊系統, 作物高度模型, 災害監測"
我國農林部門溫室氣體排放趨勢推估及減量影響評估研究,"[37, 135, 196, 576, 861, 862]","GHG, 巴黎協定, 可計算一般均衡, 氣候變遷, 溫室效應, 溫室氣體"
因應氣候變遷高溫與乾旱危害之水稻生長模式模擬研究─ MINCERnet2.0國際水稻合作研究計畫,"[174, 237, 277, 647, 651, 671]","水稻, 生長模式, 因應氣候變遷, 高溫, 乾旱, 國際合作研究"
因應氣候變遷以生物遺傳資源平台建置抗耐逆境優質水稻研究計畫(2/4),"[670, 676, 1075]","國際合作, 國際稻米研究所, 適應氣候的水稻"
強化稻作生產技術之國際連結以應對氣候變遷及提升糧食供應安全(IRRI),"[174, 231, 466, 576, 676, 1164]","水稻, 生物性逆境, 非生物性逆境, 氣候變遷, 國際稻米研究所, 糧食自給率"
因應氣候變遷下水稻生產模式之開發及耐高夜溫優質稻米選育(2/4),"[264, 286, 343, 640, 1046]","全基因組關聯研究, 多親本多世代互交品系, 作物機制模式, 高夜溫逆境, 稻米品質"
因應氣候變遷之養殖漁業產業調適與保險制度規劃研究,"[481, 576, 1081]","保險, 氣候變遷, 養殖漁業"
農委會農業菁英培訓計畫-氣候變遷對於植群分布之衝擊,"[573, 576, 796]","氣候範圍模式, 氣候變遷, 植群分布"
因應氣候變遷之溫帶果樹創新技術開發,"[418, 458, 697, 747, 895]","枇杷, 芽休眠打破, 梨, 創新栽培技術, 葡萄"
農業氣象之觀測及資源整合,"[576, 579, 651, 923, 1021]","氣候變遷, 氣象災害, 乾旱, 農業氣象, 豪雨"
臺灣植物紅皮書受威脅物種保育之研究,"[158, 446, 477, 480, 576, 594, 822, 993, 1016, 1186]","水社柳, 物種分布模式, 保育行動計畫, 保育優先次序, 氣候變遷, 烏來杜鵑, 紫苞舌蘭, 種原保存, 臺灣破傘菊, 瀕絕植物"
氣候變遷下的新世代植物保護劑：研發以內共生菌拮抗環境逆境之植物保護劑,"[121, 467, 791]","內共生菌, 非生物性逆境容忍, 植物保護劑"
南沙群島海域水產動植物資源調查及生態系統服務評估,"[164, 244, 479, 485, 499, 576, 585]","水產動植物資源, 生態系統服務, 保育價值, 南沙群島, 珊瑚礁, 氣候變遷, 海洋保護區"
極端降雨對臺灣山林崩塌災害風險與復育評估分析,"[685, 858, 1107]","崩塌潛勢, 極端降雨, 頻率分析"
土地利用變遷對水土資源涵養能力影響之關聯性分析,"[42, 75, 90, 169]","HSPF水文模式, ＳＷＭＭ水文模式, 土地利用變遷, 水資源涵養"
山村區域農林土地利用型態對水土資源保育影響之研究(1/3),"[89, 151, 169, 283, 684, 859]","土地利用型態, 水土資源保育, 水資源涵養, 地理資訊系統, 崩塌地, 極端氣候"
山村區域農林社經條件對氣象災害風險承受與調適評估(2/4),"[387, 452, 715]","防災社區, 社經脆弱度, 產業結構"
山村區域農林生態系複合經營對氣象災害調適策略之研究(2/4),"[150, 216, 469, 705]","水土流失, 永續經營, 非用材林產物, 混農林業"
城鄉土地承載力及產業資源空間配置整合研究(2/4),"[415, 489, 579, 765]","承載力, 城鄉地區, 氣象災害, 森林"
高溫對葡萄著果影響及預防策略之研究,"[647, 806, 826, 1029]","高溫, 無子果, 著果, 噴霧系統"
北部地區柑桔類果樹寒害指標建置與防護技術開發,"[493, 752, 941]","柑桔, 寒害, 預防"
水稻寒冷害指標建置與調適策略開發,"[174, 395, 751]","水稻, 防護, 寒冷害"
木瓜霪雨災害指標建置與減災技術開發,"[56, 259, 826, 1078]","photosynthetic photon flux density, 光合光通量密度, 著果, 遮陰"
印尼大果種蓮霧冬果低溫寒害之防減研究,"[324, 752, 1174]","低溫, 寒害, 覆蓋"
作物防(減)災技術應用之推播網絡建置,"[333, 579, 897]","作物生產技術, 氣象災害, 資通訊技術"
因應氣象災害高溫與乾旱危害之水稻生長模式模擬研究─ 水稻關鍵生育期高溫與乾旱危害之防減災調適策略及模式模擬,"[174, 237, 579, 647, 651, 671]","水稻, 生長模式, 氣象災害, 高溫, 乾旱, 國際合作研究"
建立無人飛行載具於亞熱帶果樹生產監測與災害發生勘查,"[131, 433, 713, 802, 1033]","天然災害, 果樹, 產量, 無人飛行載具, 影像"
無人飛行載具災損調查技術研發,"[639, 802, 918]","高光譜, 無人飛行載具, 農業災害"
農作物受損災情影像判識技術研發,"[579, 802, 906]","氣象災害, 無人飛行載具, 農作物"
作物生長模擬研究國際交流,"[576, 1013, 1035]","氣候變遷, 臺美科技交流, 模式化模擬"
因應氣候變遷高溫與乾旱危害之水稻生長模式模擬研究 ─ MINCERnet2.0國際水稻合作研究計畫(第2年),"[174, 237, 277, 651, 714, 1043]","水稻, 生長模式, 因應氣候變遷, 乾旱, 產量與米質, 熱溫"
因應氣候變遷下耐高溫稻米品種之開發及建立田間昆蟲種類資料庫(3/4),"[18, 264, 286, 649, 875]","DNA條碼, 全基因組關聯研究, 多親本多世代互交品系, 高溫逆境, 節肢動物"
農業水資源智慧調配及水稻節水與灌溉管理技術研究與推廣,"[47, 49, 68, 71, 72, 73, 137, 170, 179, 576, 608, 652, 707, 797, 837, 874, 1106, 1210]","KNN, k最近鄰居法, RF), SPI, SRI, SVM, 支撐向量機, 水資源智慧管理, 水稻強化栽培系統, 氣候變遷, 耕作試驗, 乾旱預警系統, 淹水災害, 減災, 雲端演算, 節水灌溉, 隨機森林, 灌溉管理技術"
南仁山欖仁溪森林動態樣區複查計畫,"[462, 574, 769]","長期監測, 氣候變化, 森林物種組成"
因應氣候變遷生物多樣性回復力之研究(3/3)-維管束植物殘存地點分布與保育策略之分析,"[229, 538, 576, 767]","生物多樣性, 風險評估, 氣候變遷, 森林生態系調適"
因應氣候變遷生物多樣性回復力之研究(3/3)-以大白山至大南澳嶺與雙溪、頭城山區為例,"[200, 539, 576, 611, 1074]","台灣水青岡, 風險管理, 氣候變遷, 脆弱度, 適應性經營"
因應氣候變遷生物多樣性回復力之研究(3/3)-以南仁山及槲櫟森林為例,"[478, 716, 723]","保育策略, 異地復育, 組織培養技術"
因應氣候變遷生物多樣性回復力之研究(3/3)-以台灣水青岡與 槲櫟森林的昆蟲為例,"[200, 229, 576, 784]","台灣水青岡, 生物多樣性, 氣候變遷, 棲地片段化"
重要經濟作物致災臨界指標驗證及災損脆弱度分析,"[336, 377, 579, 813]","作物栽培曆, 災害調適, 氣象災害, 發育物候"
城鄉土地承載力及產業資源空間配置整合研究(3/4),"[415, 489, 579, 765]","承載力, 城鄉地區, 氣象災害, 森林"
山村區域農林土地利用型態對水土資源保育影響之研究(2/3),"[42, 74, 89, 151, 169, 859]","HSPF水文模式, SWMM水文模式, 土地利用型態, 水土資源保育, 水資源涵養, 極端氣候"
農林山村地區社經條件對自然危害風險承受與調適評估(3/4),"[387, 452, 715]","防災社區, 社經脆弱度, 產業結構"
中部地區重要園藝作物災害指標建置及減災調適研究,"[131, 566, 647, 752, 797, 1023]","天然災害, 栽培曆, 高溫, 寒害, 減災, 颱風"
臺東地區番荔枝作物及水稻災害指標建置及減災調適研究,"[174, 456, 537, 811, 887, 1025, 1090]","水稻, 肥培管理, 風險指標, 番荔枝, 落果, 鳳梨釋迦, 機械傷害"
宜花地區農作物災害指標建置及減災調適研究,"[55, 138, 386, 393, 465, 643, 700, 752, 797, 1077]","pear scions, 文旦, 防災, 防風網, 青蔥, 高接梨, 梨穗, 寒害, 減災, 遮雨棚"
臺南區農作物災害指標建置及減災調適之研究,"[138, 145, 324, 383, 497, 706, 717, 810, 1076]","文旦, 木瓜, 低溫, 芒果, 洋香瓜, 淹水, 疏果, 番茄, 遮光"
高接梨及草莓防災體系整合建置,"[131, 578, 625, 630, 643]","天然災害, 氣象, 草莓, 逆境, 高接梨"
北部地區重要作物天然災害指標建置與調適技術開發,"[174, 494, 496, 567, 752, 834, 866, 1023]","水稻, 柑橘, 柿, 桃, 寒害, 鈣, 硼, 颱風"
高屏澎地區農作物災害指標建置及減災技術開發,"[145, 149, 798, 872, 924]","木瓜, 毛豆, 減災技術, 稜角絲瓜, 農業氣象災害"
南部地區重要果樹災害指標建置及減災研究,"[144, 324, 327, 506, 752, 1174]","日燒, 低溫, 低溫寒害, 紅斑, 寒害, 覆蓋"
香蕉、荔枝及柑橘作物災害指標建置及減災調適研究,"[546, 626, 696, 797]","香蕉, 荔枝, 桶柑, 減災"
因應氣象災害高溫與乾旱危害之水稻生長模式模擬研究─ 水稻關鍵生育期高溫與乾旱危害之防減災調適策略及模式模擬(第2年),"[131, 174, 237, 651, 673, 1043]","天然災害, 水稻, 生長模式, 乾旱, 國際研究合作, 熱溫"
中部地區重要果樹與水稻災害指標建置及減災調適研究,"[174, 371, 388, 433]","水稻, 災害氣象臨界值, 防災栽培曆, 果樹"
農作物受損災情影像判釋技術研發,"[579, 802, 906]","氣象災害, 無人飛行載具, 農作物"
農漁業健康環境形塑--運用客製化天氣與氣候資訊,"[899, 1027, 1032]","資源評估, 劍尖槍魷, 廣義線性模式"
網格化氣象資料運用於農業部門之研究,"[578, 911, 1009]","氣象, 農業, 網格化"
利用長期預報資料建立短期作物之蟲害管理模式,"[113, 390, 410, 553, 942]","小菜蛾, 防治曆, 夜蛾類, 害蟲監測, 預報"
利用長期預報資料進行觀賞花卉之花期預報,"[225, 347, 442, 1201, 1202]","生育度數, 冷需求, 物候期, 櫻, 櫻花"
因應氣候變遷高溫與乾旱危害之水稻生長模式模擬研究─ MINCERnet2.0國際水稻合作研究計畫(第3年),"[174, 237, 277, 647, 651, 714]","水稻, 生長模式, 因應氣候變遷, 高溫, 乾旱, 產量與米質"
因應氣候變遷-抗逆境水產品系研究,"[516, 880, 968, 1177]","耐寒, 經濟性狀, 漸近馴化, 雜交"
高解析度氣候模型建置及其在預測植群分佈與未來變遷之應用（1/4）,"[570, 576, 1037, 1106]","氣候降尺度模型, 氣候變遷, 潛在植群, 隨機森林"
氣候變遷下高易危的台灣水青岡生態系之調適、監測與保育研究(1/4),"[200, 539, 576, 611, 1074]","台灣水青岡, 風險管理, 氣候變遷, 脆弱度, 適應性經營"
以台灣水青岡和槲櫟森林的昆蟲為例(1/4),"[200, 229, 576, 784, 970]","台灣水青岡, 生物多樣性, 氣候變遷, 棲地片段化, 監測"
臺灣高海拔山區草原生態系調查與監測（1/3）,"[268, 576, 624, 636, 662]","全球高山環境觀測研究計畫, 氣候變遷, 草原植群, 高山, 動態樣區"
「農業氣象觀測及應用」手冊編撰計畫,"[664, 923, 1112, 1217]","參考手冊, 農業氣象, 應用, 觀測"
氣象災害影響下山村區域土地承載力及產業資源空間配置整合研究(4/4),"[415, 489, 579, 765]","承載力, 城鄉地區, 氣象災害, 森林"
山村區域農林土地利用型態對水土資源保育影響之研究(3/3),"[90, 98, 169, 685, 788]","土地利用變遷, 土壤滲漏計, 水資源涵養, 崩塌潛勢, 植生覆蓋"
農林山村地區社經條件對自然危害風險承受與調適評估(4/4),"[387, 452, 715]","防災社區, 社經脆弱度, 產業結構"
因應氣象災害高溫與乾旱危害之水稻生長模式模擬研究─ 水 稻關鍵生育期高溫與乾旱危害之防減災調適策略及模式模擬(第3年),"[131, 174, 237, 651, 673, 1043]","天然災害, 水稻, 生長模式, 乾旱, 國際研究合作, 熱溫"
農漁業健康環境形塑—運用客製化天氣與氣候資訊,"[899, 964, 1125]","資源評估, 漁業, 環境因子"
